id;first_name;last_name;email;phone_number
1;Alexys;Skiles-Daugherty;Randall.Spencer@gmail.com;lest
2;Delpha;Crist;Dewitt.Mayert73@hotmail.com;barring
3;Jordon;Yost;Celia.Mills16@yahoo.com;enormous
4;Deontae;Bechtelar;Tania.Christiansen57@yahoo.com;dismay eradicate
5;Gino;Davis;Jayson9@yahoo.com;concerning
6;Rolando;Abbott;London.Larkin50@hotmail.com;relative whose chest
7;Virgil;Borer;Constance.Donnelly@gmail.com;unexpectedly patiently
8;Henriette;Cormier;Pascale34@gmail.com;basic
9;Imani;Brekke;Kevon_Wintheiser81@hotmail.com;for
10;Steve;Johnson-Hamill;Olin.McDermott30@yahoo.com;consist questioningly
